{"cameraMode":{"drawMode":0,"name":"Shaded","section":"Shading Mode"},"sceneLighting":true,"audioPlay":false,"sceneViewState":{"showFog":true,"showMaterialUpdate":true,"showSkybox":true,"showFlares":true,"showImageEffects":true,"showParticleSystems":true},"in2DMode":false,"pivot":{"x":9.588387489318848,"y":13.505836486816407,"z":4.248899936676025},"rotation":{"x":0.3298453986644745,"y":-0.459759920835495,"z":0.19004680216312409,"w":0.802963137626648},"size":4.669820308685303,"orthographic":false}