{"cameraMode":{"drawMode":0,"name":"Shaded","section":"Shading Mode"},"sceneLighting":true,"audioPlay":false,"sceneViewState":{"showFog":true,"showMaterialUpdate":true,"showSkybox":true,"showFlares":true,"showImageEffects":true,"showParticleSystems":true},"in2DMode":false,"pivot":{"x":37.807498931884769,"y":29.461179733276368,"z":-82.77306365966797},"rotation":{"x":-0.00031011246028356254,"y":-0.008090220391750336,"z":0.00005699096800526604,"w":-1.0000231266021729},"size":22.0,"orthographic":false}