{"cameraMode":{"drawMode":0,"name":"Shaded","section":"Shading Mode"},"sceneLighting":false,"audioPlay":false,"sceneViewState":{"showFog":true,"showMaterialUpdate":true,"showSkybox":false,"showFlares":true,"showImageEffects":true,"showParticleSystems":true},"in2DMode":false,"pivot":{"x":161.77821350097657,"y":261.4889221191406,"z":723.603271484375},"rotation":{"x":-0.02130182832479477,"y":-0.024580074474215509,"z":0.0005976712564006448,"w":-0.9995265603065491},"size":1064.25,"orthographic":false}