{"cameraMode":{"drawMode":0,"name":"Shaded","section":"Shading Mode"},"sceneLighting":true,"audioPlay":false,"sceneViewState":{"showFog":true,"showMaterialUpdate":true,"showSkybox":true,"showFlares":true,"showImageEffects":true,"showParticleSystems":true},"in2DMode":false,"pivot":{"x":-13.99948787689209,"y":4.380827903747559,"z":2.086549997329712},"rotation":{"x":-0.3162558674812317,"y":-0.07474137842655182,"z":0.025037750601768495,"w":-0.9454355835914612},"size":4.685099124908447,"orthographic":false}