{"cameraMode":{"drawMode":0,"name":"Shaded","section":"Shading Mode"},"sceneLighting":true,"audioPlay":false,"sceneViewState":{"showFog":true,"showMaterialUpdate":true,"showSkybox":true,"showFlares":true,"showImageEffects":true,"showParticleSystems":true},"in2DMode":false,"pivot":{"x":-0.19291049242019654,"y":3.6798648834228517,"z":4.49931001663208},"rotation":{"x":-0.0331602580845356,"y":-0.3000921905040741,"z":0.0105974106118083,"w":-0.9535137414932251},"size":10.468077659606934,"orthographic":false}