{"cameraMode":{"drawMode":0,"name":"Shaded","section":"Shading Mode"},"sceneLighting":true,"audioPlay":false,"sceneViewState":{"showFog":true,"showMaterialUpdate":true,"showSkybox":true,"showFlares":true,"showImageEffects":true,"showParticleSystems":true},"in2DMode":false,"pivot":{"x":4.087224960327148,"y":4.693434715270996,"z":11.82865047454834},"rotation":{"x":-0.20694546401500703,"y":0.47973111271858218,"z":-0.11755567789077759,"w":-0.8445199728012085},"size":10.0,"orthographic":false}